               epoch,      train/box_loss,      train/obj_loss,      train/cls_loss,   metrics/precision,      metrics/recall,     metrics/mAP_0.5,metrics/mAP_0.5:0.95,        val/box_loss,        val/obj_loss,        val/cls_loss,               x/lr0,               x/lr1,               x/lr2
                   0,            0.070505,             0.17202,           0.0031095,                   0,                   0,                   0,                   0,                   0,                   0,                   0,           0.0032778,           0.0032778,              0.0705
                   1,            0.038255,             0.12933,            0.001984,                   0,                   0,                   0,                   0,                   0,                   0,                   0,           0.0059566,           0.0059566,            0.039846
                   2,            0.031821,             0.12113,            0.002101,                   0,                   0,                   0,                   0,                   0,                   0,                   0,           0.0079754,           0.0079754,            0.008531
                   3,            0.031356,             0.12262,           0.0022398,                   0,                   0,                   0,                   0,                   0,                   0,                   0,             0.00703,             0.00703,             0.00703
                   4,            0.028496,             0.11005,           0.0021903,                   0,                   0,                   0,                   0,                   0,                   0,                   0,             0.00703,             0.00703,             0.00703
                   5,            0.027504,             0.11471,           0.0020604,                   0,                   0,                   0,                   0,                   0,                   0,                   0,             0.00604,             0.00604,             0.00604
                   6,            0.025888,              0.1022,           0.0020768,                   0,                   0,                   0,                   0,                   0,                   0,                   0,             0.00505,             0.00505,             0.00505
                   7,             0.02468,             0.10606,           0.0018749,                   0,                   0,                   0,                   0,                   0,                   0,                   0,             0.00406,             0.00406,             0.00406
                   8,            0.024374,             0.10346,           0.0018167,                   0,                   0,                   0,                   0,                   0,                   0,                   0,             0.00307,             0.00307,             0.00307
                   9,            0.023937,             0.10074,           0.0018776,             0.84037,             0.70859,             0.81157,             0.59159,            0.026805,              0.1502,           0.0061161,             0.00208,             0.00208,             0.00208
                   0,            0.080316,             0.13815,           0.0019271,                   0,                   0,                   0,                   0,                   0,                   0,                   0,            0.004958,            0.004958,            0.052086
                   1,            0.043057,              0.1035,           0.0014002,                   0,                   0,                   0,                   0,                   0,                   0,                   0,             0.00901,             0.00901,             0.00901
                   2,            0.045532,              0.1033,            0.002089,                   0,                   0,                   0,                   0,                   0,                   0,                   0,             0.00901,             0.00901,             0.00901
                   3,            0.037238,             0.09968,           0.0019796,                   0,                   0,                   0,                   0,                   0,                   0,                   0,             0.00802,             0.00802,             0.00802
                   4,            0.035896,            0.091893,           0.0016861,                   0,                   0,                   0,                   0,                   0,                   0,                   0,             0.00703,             0.00703,             0.00703
                   5,            0.033563,            0.092462,           0.0016371,                   0,                   0,                   0,                   0,                   0,                   0,                   0,             0.00604,             0.00604,             0.00604
                   6,            0.031064,            0.082837,            0.001576,                   0,                   0,                   0,                   0,                   0,                   0,                   0,             0.00505,             0.00505,             0.00505
                   7,            0.028574,            0.084301,           0.0014105,                   0,                   0,                   0,                   0,                   0,                   0,                   0,             0.00406,             0.00406,             0.00406
                   8,            0.028049,            0.082335,           0.0013229,                   0,                   0,                   0,                   0,                   0,                   0,                   0,             0.00307,             0.00307,             0.00307
                   9,            0.027389,            0.080125,             0.00126,              0.8484,             0.71479,             0.82241,             0.59975,             0.03311,             0.12398,           0.0037099,             0.00208,             0.00208,             0.00208
                   0,            0.079444,             0.13754,           0.0019668,                   0,                   0,                   0,                   0,                   0,                   0,                   0,            0.004985,            0.004985,            0.052125
                   1,            0.042823,             0.10374,           0.0014246,                   0,                   0,                   0,                   0,                   0,                   0,                   0,            0.008983,            0.008983,            0.008983
                   2,             0.04463,             0.10173,           0.0021947,                   0,                   0,                   0,                   0,                   0,                   0,                   0,            0.008983,            0.008983,            0.008983
                   3,            0.037079,             0.10003,           0.0020056,                   0,                   0,                   0,                   0,                   0,                   0,                   0,           0.0079959,           0.0079959,           0.0079959
                   4,            0.034197,            0.091146,           0.0016387,                   0,                   0,                   0,                   0,                   0,                   0,                   0,           0.0070089,           0.0070089,           0.0070089
                   5,            0.033671,              0.0931,           0.0015887,                   0,                   0,                   0,                   0,                   0,                   0,                   0,           0.0060219,           0.0060219,           0.0060219
                   6,            0.031199,            0.083154,           0.0016027,                   0,                   0,                   0,                   0,                   0,                   0,                   0,           0.0050348,           0.0050348,           0.0050348
                   7,            0.028313,            0.084791,           0.0014227,                   0,                   0,                   0,                   0,                   0,                   0,                   0,           0.0040478,           0.0040478,           0.0040478
                   8,            0.027658,             0.08232,           0.0013258,                   0,                   0,                   0,                   0,                   0,                   0,                   0,           0.0030608,           0.0030608,           0.0030608
                   9,             0.02709,            0.079954,           0.0012735,             0.76686,             0.78073,              0.8239,             0.60295,            0.033064,             0.12351,           0.0038704,           0.0020738,           0.0020738,           0.0020738
                   0,            0.079988,             0.12555,           0.0013889,                   0,                   0,                   0,                   0,                   0,                   0,                   0,           0.0046094,           0.0046094,            0.071388
                   1,             0.04294,             0.10077,           0.0017515,                   0,                   0,                   0,                   0,                   0,                   0,                   0,           0.0083786,           0.0083786,            0.017089
                   2,            0.047358,            0.099837,           0.0022094,                   0,                   0,                   0,                   0,                   0,                   0,                   0,           0.0080246,           0.0080246,           0.0080246
                   3,            0.042575,            0.095596,           0.0018758,                   0,                   0,                   0,                   0,                   0,                   0,                   0,           0.0080246,           0.0080246,           0.0080246
                   4,            0.039355,            0.086818,           0.0017688,                   0,                   0,                   0,                   0,                   0,                   0,                   0,           0.0070368,           0.0070368,           0.0070368
                   5,            0.034959,            0.088596,           0.0017001,                   0,                   0,                   0,                   0,                   0,                   0,                   0,           0.0060491,           0.0060491,           0.0060491
                   6,            0.032232,            0.079782,           0.0016015,                   0,                   0,                   0,                   0,                   0,                   0,                   0,           0.0050614,           0.0050614,           0.0050614
                   7,            0.028687,            0.080102,           0.0013685,                   0,                   0,                   0,                   0,                   0,                   0,                   0,           0.0040737,           0.0040737,           0.0040737
                   8,            0.027736,            0.078014,           0.0012428,                   0,                   0,                   0,                   0,                   0,                   0,                   0,            0.003086,            0.003086,            0.003086
                   9,            0.026851,            0.075944,           0.0011481,             0.80825,             0.75005,             0.81595,             0.58647,            0.034338,             0.12056,            0.003363,           0.0020982,           0.0020982,           0.0020982
                   0,            0.070336,             0.17406,           0.0031426,                   0,                   0,                   0,                   0,                   0,                   0,                   0,           0.0031509,           0.0031509,            0.071457
                   1,             0.03915,             0.13134,           0.0020165,                   0,                   0,                   0,                   0,                   0,                   0,                   0,           0.0057261,           0.0057261,            0.041505
                   2,            0.031614,             0.12092,            0.002068,                   0,                   0,                   0,                   0,                   0,                   0,                   0,           0.0076668,           0.0076668,            0.010919
                   3,            0.031553,             0.12519,           0.0022445,                   0,                   0,                   0,                   0,                   0,                   0,                   0,           0.0069456,           0.0069456,           0.0069456
                   4,             0.02822,             0.11171,           0.0022226,                   0,                   0,                   0,                   0,                   0,                   0,                   0,           0.0069456,           0.0069456,           0.0069456
                   5,             0.02791,             0.11633,           0.0020725,                   0,                   0,                   0,                   0,                   0,                   0,                   0,           0.0059675,           0.0059675,           0.0059675
                   6,            0.025785,             0.10297,           0.0021238,                   0,                   0,                   0,                   0,                   0,                   0,                   0,           0.0049894,           0.0049894,           0.0049894
                   7,            0.024378,             0.10654,           0.0019007,                   0,                   0,                   0,                   0,                   0,                   0,                   0,           0.0040113,           0.0040113,           0.0040113
                   8,             0.02424,             0.10446,           0.0017896,                   0,                   0,                   0,                   0,                   0,                   0,                   0,           0.0030332,           0.0030332,           0.0030332
                   9,            0.023836,             0.10162,           0.0018601,             0.78539,             0.73966,               0.806,             0.58166,            0.026786,             0.15221,           0.0061965,            0.002055,            0.002055,            0.002055
                   0,            0.074837,             0.11836,           0.0013547,                   0,                   0,                   0,                   0,                   0,                   0,                   0,           0.0044361,           0.0044361,            0.073362
                   1,            0.038607,            0.094207,           0.0016819,                   0,                   0,                   0,                   0,                   0,                   0,                   0,           0.0080638,           0.0080638,            0.021104
                   2,            0.042263,             0.08993,           0.0020459,                   0,                   0,                   0,                   0,                   0,                   0,                   0,            0.008025,            0.008025,            0.008025
                   3,            0.041051,            0.088676,           0.0018307,                   0,                   0,                   0,                   0,                   0,                   0,                   0,            0.008025,            0.008025,            0.008025
                   4,            0.033583,             0.07854,            0.001656,                   0,                   0,                   0,                   0,                   0,                   0,                   0,           0.0070375,           0.0070375,           0.0070375
                   5,            0.031378,            0.080704,           0.0015611,                   0,                   0,                   0,                   0,                   0,                   0,                   0,             0.00605,             0.00605,             0.00605
                   6,             0.02883,            0.072434,           0.0014685,                   0,                   0,                   0,                   0,                   0,                   0,                   0,           0.0050625,           0.0050625,           0.0050625
                   7,            0.027407,            0.074747,           0.0012822,                   0,                   0,                   0,                   0,                   0,                   0,                   0,            0.004075,            0.004075,            0.004075
                   8,            0.025512,            0.072423,           0.0011845,                   0,                   0,                   0,                   0,                   0,                   0,                   0,           0.0030875,           0.0030875,           0.0030875
                   9,            0.024893,            0.070492,            0.001132,             0.81526,             0.73512,              0.8156,             0.59352,            0.032278,             0.11485,           0.0032976,              0.0021,              0.0021,              0.0021
                   0,            0.077067,             0.16714,           0.0028672,                   0,                   0,                   0,                   0,                   0,                   0,                   0,           0.0034983,           0.0034983,            0.067479
                   1,             0.04352,             0.12204,           0.0018412,                   0,                   0,                   0,                   0,                   0,                   0,                   0,           0.0063574,           0.0063574,            0.039627
                   2,            0.035752,             0.11046,            0.001835,                   0,                   0,                   0,                   0,                   0,                   0,                   0,           0.0085121,           0.0085121,            0.011071
                   3,            0.033716,             0.10715,           0.0022523,                   0,                   0,                   0,                   0,                   0,                   0,                   0,           0.0076697,           0.0076697,           0.0076697
                   4,             0.03415,             0.10674,            0.002231,                   0,                   0,                   0,                   0,                   0,                   0,                   0,           0.0076697,           0.0076697,           0.0076697
                   5,             0.03025,             0.10409,           0.0021844,                   0,                   0,                   0,                   0,                   0,                   0,                   0,           0.0065896,           0.0065896,           0.0065896
                   6,            0.028706,            0.094008,           0.0021317,                   0,                   0,                   0,                   0,                   0,                   0,                   0,           0.0055096,           0.0055096,           0.0055096
                   7,            0.026745,            0.096331,           0.0018852,                   0,                   0,                   0,                   0,                   0,                   0,                   0,           0.0044295,           0.0044295,           0.0044295
                   8,            0.026261,            0.093783,            0.001804,                   0,                   0,                   0,                   0,                   0,                   0,                   0,           0.0033494,           0.0033494,           0.0033494
                   9,            0.025642,             0.09176,           0.0017858,             0.80407,              0.7552,             0.82319,             0.60274,            0.029025,             0.13638,           0.0054375,           0.0022693,           0.0022693,           0.0022693
                   0,            0.072982,             0.12126,           0.0013304,                   0,                   0,                   0,                   0,                   0,                   0,                   0,           0.0043339,           0.0043339,            0.073906
                   1,            0.037729,            0.094969,           0.0015919,                   0,                   0,                   0,                   0,                   0,                   0,                   0,           0.0078782,           0.0078782,            0.023238
                   2,            0.040735,            0.087941,           0.0019243,                   0,                   0,                   0,                   0,                   0,                   0,                   0,           0.0080173,           0.0080173,           0.0080173
                   3,            0.038123,            0.089947,           0.0018436,                   0,                   0,                   0,                   0,                   0,                   0,                   0,           0.0080173,           0.0080173,           0.0080173
                   4,            0.033641,            0.076885,           0.0016125,                   0,                   0,                   0,                   0,                   0,                   0,                   0,            0.007031,            0.007031,            0.007031
                   5,            0.030377,            0.082465,           0.0014568,                   0,                   0,                   0,                   0,                   0,                   0,                   0,           0.0060446,           0.0060446,           0.0060446
                   6,            0.027453,             0.07148,           0.0014205,                   0,                   0,                   0,                   0,                   0,                   0,                   0,           0.0050583,           0.0050583,           0.0050583
                   7,            0.026213,            0.076549,           0.0012393,                   0,                   0,                   0,                   0,                   0,                   0,                   0,           0.0040719,           0.0040719,           0.0040719
                   8,            0.024693,            0.068006,           0.0011664,                   0,                   0,                   0,                   0,                   0,                   0,                   0,           0.0030856,           0.0030856,           0.0030856
                   9,            0.023958,            0.073202,           0.0010973,             0.84541,             0.73641,             0.82571,              0.5939,            0.031459,             0.11439,           0.0033098,           0.0020993,           0.0020993,           0.0020993
                   0,            0.079822,             0.13759,           0.0019131,                   0,                   0,                   0,                   0,                   0,                   0,                   0,           0.0051587,           0.0051587,            0.051494
                   1,            0.044209,             0.10424,           0.0013847,                   0,                   0,                   0,                   0,                   0,                   0,                   0,           0.0092173,           0.0092173,           0.0092173
                   2,            0.041987,            0.099837,           0.0021415,                   0,                   0,                   0,                   0,                   0,                   0,                   0,           0.0092173,           0.0092173,           0.0092173
                   3,            0.040736,            0.099446,           0.0019619,                   0,                   0,                   0,                   0,                   0,                   0,                   0,           0.0082047,           0.0082047,           0.0082047
                   4,            0.035342,            0.088496,           0.0017388,                   0,                   0,                   0,                   0,                   0,                   0,                   0,            0.007192,            0.007192,            0.007192
                   5,            0.034469,            0.093225,           0.0016917,                   0,                   0,                   0,                   0,                   0,                   0,                   0,           0.0061794,           0.0061794,           0.0061794
                   6,            0.030441,            0.081915,           0.0015862,                   0,                   0,                   0,                   0,                   0,                   0,                   0,           0.0051667,           0.0051667,           0.0051667
                   7,             0.02857,            0.084064,           0.0014128,                   0,                   0,                   0,                   0,                   0,                   0,                   0,           0.0041541,           0.0041541,           0.0041541
                   8,            0.028031,             0.08187,           0.0013459,                   0,                   0,                   0,                   0,                   0,                   0,                   0,           0.0031414,           0.0031414,           0.0031414
                   9,            0.027352,            0.079835,           0.0012692,             0.82679,             0.74264,                0.83,             0.60304,            0.033387,             0.12459,           0.0037206,           0.0021287,           0.0021287,           0.0021287
                   0,              0.1109,              0.1813,            0.037059,                   0,                   0,                   0,                   0,                   0,                   0,                   0,           0.0042525,           0.0042525,            0.063789
                   1,            0.089736,             0.14779,            0.035487,                   0,                   0,                   0,                   0,                   0,                   0,                   0,            0.007728,            0.007728,            0.016952
                   2,            0.076828,             0.11031,            0.031736,                   0,                   0,                   0,                   0,                   0,                   0,                   0,           0.0075147,           0.0075147,           0.0075147
                   3,            0.066747,            0.088083,            0.027592,                   0,                   0,                   0,                   0,                   0,                   0,                   0,           0.0075147,           0.0075147,           0.0075147
                   4,            0.057463,            0.084949,            0.025292,                   0,                   0,                   0,                   0,                   0,                   0,                   0,           0.0065871,           0.0065871,           0.0065871
                   5,            0.051085,             0.08382,            0.024091,                   0,                   0,                   0,                   0,                   0,                   0,                   0,           0.0056595,           0.0056595,           0.0056595
                   6,            0.044854,            0.078289,            0.022637,                   0,                   0,                   0,                   0,                   0,                   0,                   0,           0.0047319,           0.0047319,           0.0047319
                   7,            0.038921,            0.074224,            0.021932,                   0,                   0,                   0,                   0,                   0,                   0,                   0,           0.0038042,           0.0038042,           0.0038042
                   8,            0.035787,            0.075717,            0.021131,                   0,                   0,                   0,                   0,                   0,                   0,                   0,           0.0028766,           0.0028766,           0.0028766
                   9,            0.030639,            0.070645,            0.020548,             0.62397,             0.49266,             0.49358,             0.33645,            0.033683,            0.095952,            0.020191,            0.001949,            0.001949,            0.001949
                   0,            0.070796,              0.1298,            0.001847,                   0,                   0,                   0,                   0,                   0,                   0,                   0,           0.0057525,           0.0057525,             0.04816
                   1,            0.041322,             0.10241,            0.001949,                   0,                   0,                   0,                   0,                   0,                   0,                   0,           0.0094875,           0.0094875,           0.0094875
                   2,            0.039613,             0.10448,           0.0023124,                   0,                   0,                   0,                   0,                   0,                   0,                   0,           0.0094875,           0.0094875,           0.0094875
                   3,            0.036424,            0.096572,           0.0017984,                   0,                   0,                   0,                   0,                   0,                   0,                   0,           0.0084451,           0.0084451,           0.0084451
                   4,            0.033802,             0.08843,           0.0016955,                   0,                   0,                   0,                   0,                   0,                   0,                   0,           0.0074026,           0.0074026,           0.0074026
                   5,            0.030431,            0.089179,           0.0015777,                   0,                   0,                   0,                   0,                   0,                   0,                   0,           0.0063601,           0.0063601,           0.0063601
                   6,            0.029403,            0.082254,           0.0015654,                   0,                   0,                   0,                   0,                   0,                   0,                   0,           0.0053177,           0.0053177,           0.0053177
                   7,            0.026489,            0.082624,           0.0013754,                   0,                   0,                   0,                   0,                   0,                   0,                   0,           0.0042752,           0.0042752,           0.0042752
                   8,            0.025912,            0.080743,           0.0012722,                   0,                   0,                   0,                   0,                   0,                   0,                   0,           0.0032327,           0.0032327,           0.0032327
                   9,            0.025296,            0.078803,           0.0012064,             0.80851,             0.75788,             0.83009,             0.60846,            0.030983,             0.12099,           0.0035601,           0.0021902,           0.0021902,           0.0021902
                   0,            0.076013,             0.18548,           0.0028229,                   0,                   0,                   0,                   0,                   0,                   0,                   0,           0.0038254,           0.0038254,            0.067806
                   1,            0.041412,             0.13486,           0.0018877,                   0,                   0,                   0,                   0,                   0,                   0,                   0,           0.0069518,           0.0069518,            0.040222
                   2,            0.036349,             0.13194,           0.0020296,                   0,                   0,                   0,                   0,                   0,                   0,                   0,           0.0093079,           0.0093079,            0.011867
                   3,            0.034642,             0.12691,           0.0023778,                   0,                   0,                   0,                   0,                   0,                   0,                   0,           0.0083868,           0.0083868,           0.0083868
                   4,            0.035058,             0.12784,           0.0024081,                   0,                   0,                   0,                   0,                   0,                   0,                   0,           0.0083868,           0.0083868,           0.0083868
                   5,            0.031895,             0.12231,           0.0023421,                   0,                   0,                   0,                   0,                   0,                   0,                   0,           0.0072057,           0.0072057,           0.0072057
                   6,            0.030317,             0.10982,           0.0022587,                   0,                   0,                   0,                   0,                   0,                   0,                   0,           0.0060246,           0.0060246,           0.0060246
                   7,            0.027814,             0.11263,           0.0019579,                   0,                   0,                   0,                   0,                   0,                   0,                   0,           0.0048436,           0.0048436,           0.0048436
                   8,            0.027128,             0.10889,           0.0019314,                   0,                   0,                   0,                   0,                   0,                   0,                   0,           0.0036625,           0.0036625,           0.0036625
                   9,            0.026316,             0.10549,           0.0018822,             0.81678,             0.71999,             0.79042,             0.56655,              0.0288,             0.15432,           0.0057471,           0.0024814,           0.0024814,           0.0024814
                   0,               0.141,             0.26638,            0.035811,                   0,                   0,                   0,                   0,                   0,                   0,                   0,           0.0040338,           0.0040338,            0.068015
                   1,             0.13338,             0.23624,            0.035155,                   0,                   0,                   0,                   0,                   0,                   0,                   0,           0.0073305,           0.0073305,            0.040601
                   2,             0.11572,             0.16543,            0.032786,                   0,                   0,                   0,                   0,                   0,                   0,                   0,            0.009815,            0.009815,            0.012374
                   3,            0.096155,             0.17791,            0.029296,                   0,                   0,                   0,                   0,                   0,                   0,                   0,           0.0088437,           0.0088437,           0.0088437
                   4,              0.0818,             0.16561,            0.028264,                   0,                   0,                   0,                   0,                   0,                   0,                   0,           0.0088437,           0.0088437,           0.0088437
                   5,            0.062477,             0.13534,            0.027507,                   0,                   0,                   0,                   0,                   0,                   0,                   0,           0.0075983,           0.0075983,           0.0075983
                   6,            0.056524,              0.1364,            0.026551,                   0,                   0,                   0,                   0,                   0,                   0,                   0,           0.0063529,           0.0063529,           0.0063529
                   7,            0.048152,             0.12329,            0.026065,                   0,                   0,                   0,                   0,                   0,                   0,                   0,           0.0051075,           0.0051075,           0.0051075
                   8,            0.046606,             0.11915,             0.02594,                   0,                   0,                   0,                   0,                   0,                   0,                   0,           0.0038621,           0.0038621,           0.0038621
                   9,            0.044929,             0.11922,            0.025452,             0.75972,             0.43282,              0.3081,             0.21585,            0.048476,             0.15576,            0.024733,           0.0026166,           0.0026166,           0.0026166
                   0,            0.077052,             0.17023,           0.0028311,                   0,                   0,                   0,                   0,                   0,                   0,                   0,           0.0034823,           0.0034823,            0.066899
                   1,            0.043512,             0.12217,           0.0018681,                   0,                   0,                   0,                   0,                   0,                   0,                   0,           0.0063283,           0.0063283,            0.039305
                   2,            0.035022,              0.1115,           0.0018281,                   0,                   0,                   0,                   0,                   0,                   0,                   0,            0.008473,            0.008473,             0.01101
                   3,            0.033655,             0.10831,           0.0022302,                   0,                   0,                   0,                   0,                   0,                   0,                   0,           0.0076346,           0.0076346,           0.0076346
                   4,             0.03282,             0.10277,           0.0022146,                   0,                   0,                   0,                   0,                   0,                   0,                   0,           0.0076346,           0.0076346,           0.0076346
                   5,            0.029242,             0.10261,           0.0021256,                   0,                   0,                   0,                   0,                   0,                   0,                   0,           0.0065594,           0.0065594,           0.0065594
                   6,            0.028187,            0.091716,           0.0020087,                   0,                   0,                   0,                   0,                   0,                   0,                   0,           0.0054843,           0.0054843,           0.0054843
                   7,            0.026962,            0.098206,           0.0017985,                   0,                   0,                   0,                   0,                   0,                   0,                   0,           0.0044092,           0.0044092,           0.0044092
                   8,            0.026431,            0.089953,           0.0018203,                   0,                   0,                   0,                   0,                   0,                   0,                   0,            0.003334,            0.003334,            0.003334
                   9,            0.025841,            0.094268,           0.0016886,             0.77896,             0.76821,             0.80237,             0.57849,            0.029469,             0.14139,           0.0053585,           0.0022589,           0.0022589,           0.0022589
                   0,             0.11924,             0.22171,            0.041311,                   0,                   0,                   0,                   0,                   0,                   0,                   0,           0.0031752,           0.0031752,            0.072399
                   1,             0.11494,             0.19741,            0.040338,                   0,                   0,                   0,                   0,                   0,                   0,                   0,           0.0057701,           0.0057701,             0.04693
                   2,              0.1027,              0.1442,            0.038269,                   0,                   0,                   0,                   0,                   0,                   0,                   0,           0.0077258,           0.0077258,            0.020822
                   3,            0.085791,             0.11429,            0.032765,                   0,                   0,                   0,                   0,                   0,                   0,                   0,           0.0078314,           0.0078314,           0.0078314
                   4,            0.072007,             0.11451,            0.031359,                   0,                   0,                   0,                   0,                   0,                   0,                   0,           0.0078314,           0.0078314,           0.0078314
                   5,            0.057867,             0.10737,            0.030114,                   0,                   0,                   0,                   0,                   0,                   0,                   0,           0.0067286,           0.0067286,           0.0067286
                   6,              0.0504,             0.10262,            0.029338,                   0,                   0,                   0,                   0,                   0,                   0,                   0,           0.0056257,           0.0056257,           0.0056257
                   7,            0.043108,            0.093222,            0.028949,                   0,                   0,                   0,                   0,                   0,                   0,                   0,           0.0045228,           0.0045228,           0.0045228
                   8,            0.039007,            0.091058,            0.028711,                   0,                   0,                   0,                   0,                   0,                   0,                   0,             0.00342,             0.00342,             0.00342
                   9,            0.035873,            0.090734,            0.028266,             0.76103,             0.42362,             0.33867,             0.23842,            0.041401,             0.13147,             0.02744,           0.0023171,           0.0023171,           0.0023171
                   0,             0.12563,             0.26118,            0.041473,                   0,                   0,                   0,                   0,                   0,                   0,                   0,           0.0036367,           0.0036367,            0.054877
                   1,             0.11968,             0.23472,            0.040561,                   0,                   0,                   0,                   0,                   0,                   0,                   0,           0.0066094,           0.0066094,            0.031795
                   2,             0.10431,             0.16431,             0.03801,                   0,                   0,                   0,                   0,                   0,                   0,                   0,           0.0087516,           0.0087516,           0.0087516
                   3,            0.086501,             0.14129,            0.033288,                   0,                   0,                   0,                   0,                   0,                   0,                   0,           0.0087516,           0.0087516,           0.0087516
                   4,            0.065097,             0.12289,             0.03156,                   0,                   0,                   0,                   0,                   0,                   0,                   0,           0.0076724,           0.0076724,           0.0076724
                   5,            0.056351,             0.11798,            0.030545,                   0,                   0,                   0,                   0,                   0,                   0,                   0,           0.0065933,           0.0065933,           0.0065933
                   6,            0.046017,             0.11514,            0.029807,                   0,                   0,                   0,                   0,                   0,                   0,                   0,           0.0055141,           0.0055141,           0.0055141
                   7,            0.043048,             0.11168,            0.029186,                   0,                   0,                   0,                   0,                   0,                   0,                   0,           0.0044349,           0.0044349,           0.0044349
                   8,            0.039239,            0.099568,            0.029186,                   0,                   0,                   0,                   0,                   0,                   0,                   0,           0.0033557,           0.0033557,           0.0033557
                   9,            0.037559,             0.10604,             0.02871,             0.75749,             0.42943,             0.31791,             0.22489,            0.043552,             0.13945,            0.027824,           0.0022765,           0.0022765,           0.0022765
                   0,             0.11825,             0.21778,            0.042837,                   0,                   0,                   0,                   0,                   0,                   0,                   0,           0.0034785,           0.0034785,            0.077841
                   1,             0.11142,             0.19194,            0.041936,                   0,                   0,                   0,                   0,                   0,                   0,                   0,           0.0063215,           0.0063215,            0.047137
                   2,            0.093188,             0.12385,            0.038927,                   0,                   0,                   0,                   0,                   0,                   0,                   0,           0.0084639,           0.0084639,            0.015732
                   3,            0.080527,             0.11968,            0.033826,                   0,                   0,                   0,                   0,                   0,                   0,                   0,            0.007958,            0.007958,            0.007958
                   4,            0.062335,             0.11206,            0.031001,                   0,                   0,                   0,                   0,                   0,                   0,                   0,            0.007958,            0.007958,            0.007958
                   5,            0.048359,             0.10597,             0.02944,                   0,                   0,                   0,                   0,                   0,                   0,                   0,           0.0068373,           0.0068373,           0.0068373
                   6,            0.038812,            0.092963,            0.028037,                   0,                   0,                   0,                   0,                   0,                   0,                   0,           0.0057166,           0.0057166,           0.0057166
                   7,            0.036213,            0.093032,            0.026965,                   0,                   0,                   0,                   0,                   0,                   0,                   0,           0.0045959,           0.0045959,           0.0045959
                   8,            0.031202,            0.085048,            0.026061,                   0,                   0,                   0,                   0,                   0,                   0,                   0,           0.0034752,           0.0034752,           0.0034752
                   9,             0.02896,            0.088056,            0.025295,             0.73525,             0.50507,             0.40417,             0.29904,            0.030482,             0.11323,            0.024837,           0.0023546,           0.0023546,           0.0023546
                   0,            0.070811,             0.15882,           0.0029775,                   0,                   0,                   0,                   0,                   0,                   0,                   0,           0.0036056,           0.0036056,            0.070767
                   1,            0.039166,             0.11746,           0.0019693,                   0,                   0,                   0,                   0,                   0,                   0,                   0,           0.0065523,           0.0065523,            0.040411
                   2,             0.03195,             0.10673,           0.0019243,                   0,                   0,                   0,                   0,                   0,                   0,                   0,            0.008773,            0.008773,            0.009328
                   3,              0.0311,             0.10604,           0.0021931,                   0,                   0,                   0,                   0,                   0,                   0,                   0,            0.007733,            0.007733,            0.007733
                   4,             0.02789,             0.09669,           0.0021358,                   0,                   0,                   0,                   0,                   0,                   0,                   0,            0.007733,            0.007733,            0.007733
                   5,            0.028108,             0.10103,           0.0020776,                   0,                   0,                   0,                   0,                   0,                   0,                   0,            0.006644,            0.006644,            0.006644
                   6,            0.025531,            0.089146,           0.0021653,                   0,                   0,                   0,                   0,                   0,                   0,                   0,            0.005555,            0.005555,            0.005555
                   7,            0.024198,            0.093577,           0.0018893,                   0,                   0,                   0,                   0,                   0,                   0,                   0,            0.004466,            0.004466,            0.004466
                   8,             0.02369,            0.090189,           0.0017968,                   0,                   0,                   0,                   0,                   0,                   0,                   0,            0.003377,            0.003377,            0.003377
                   9,            0.023312,            0.087592,           0.0017866,             0.76209,             0.79326,             0.80127,             0.58093,            0.025902,             0.13063,           0.0060019,            0.002288,            0.002288,            0.002288
                   0,            0.093675,             0.18673,           0.0020114,                   0,                   0,                   0,                   0,                   0,                   0,                   0,           0.0045585,           0.0045585,             0.06831
                   1,            0.050267,             0.13025,           0.0014511,                   0,                   0,                   0,                   0,                   0,                   0,                   0,           0.0082839,           0.0082839,            0.036943
                   2,            0.058368,             0.14879,           0.0021068,                   0,                   0,                   0,                   0,                   0,                   0,                   0,             0.01041,             0.01041,             0.01041
                   3,             0.11137,             0.66502,             0.02215,                   0,                   0,                   0,                   0,                   0,                   0,                   0,             0.01041,             0.01041,             0.01041
                   4,             0.14338,             0.33637,            0.021771,                   0,                   0,                   0,                   0,                   0,                   0,                   0,           0.0091249,           0.0091249,           0.0091249
                   5,             0.14572,             0.27075,            0.019743,                   0,                   0,                   0,                   0,                   0,                   0,                   0,           0.0078399,           0.0078399,           0.0078399
                   6,             0.13989,             0.23205,            0.018637,                   0,                   0,                   0,                   0,                   0,                   0,                   0,           0.0065549,           0.0065549,           0.0065549
                   7,             0.13536,             0.23388,            0.017645,                   0,                   0,                   0,                   0,                   0,                   0,                   0,           0.0052699,           0.0052699,           0.0052699
                   8,             0.13027,             0.22767,             0.01695,                   0,                   0,                   0,                   0,                   0,                   0,                   0,           0.0039849,           0.0039849,           0.0039849
                   9,             0.12646,             0.22202,            0.016741,             0.77143,              0.1471,             0.10326,            0.030302,             0.11949,             0.27019,            0.015956,           0.0026998,           0.0026998,           0.0026998
                   0,            0.068139,               0.151,            0.003327,                   0,                   0,                   0,                   0,                   0,                   0,                   0,           0.0037268,           0.0037268,            0.073134
                   1,             0.04005,             0.10416,           0.0021983,                   0,                   0,                   0,                   0,                   0,                   0,                   0,           0.0067727,           0.0067727,            0.041763
                   2,            0.030045,            0.092668,           0.0019902,                   0,                   0,                   0,                   0,                   0,                   0,                   0,           0.0090681,           0.0090681,           0.0096417
                   3,            0.030096,            0.093448,           0.0023588,                   0,                   0,                   0,                   0,                   0,                   0,                   0,           0.0079931,           0.0079931,           0.0079931
                   4,            0.030535,            0.087223,           0.0023053,                   0,                   0,                   0,                   0,                   0,                   0,                   0,           0.0079931,           0.0079931,           0.0079931
                   5,            0.027203,            0.090144,           0.0023143,                   0,                   0,                   0,                   0,                   0,                   0,                   0,           0.0068675,           0.0068675,           0.0068675
                   6,             0.02544,            0.081267,           0.0022732,                   0,                   0,                   0,                   0,                   0,                   0,                   0,           0.0057418,           0.0057418,           0.0057418
                   7,             0.02432,            0.085052,           0.0020135,                   0,                   0,                   0,                   0,                   0,                   0,                   0,           0.0046162,           0.0046162,           0.0046162
                   8,            0.023494,            0.077135,           0.0018863,                   0,                   0,                   0,                   0,                   0,                   0,                   0,           0.0034906,           0.0034906,           0.0034906
                   9,            0.023212,             0.08386,           0.0018455,             0.76715,             0.78498,             0.80345,             0.58096,            0.027779,             0.12103,           0.0064658,            0.002365,            0.002365,            0.002365
                   0,             0.06566,             0.13817,           0.0026883,                   0,                   0,                   0,                   0,                   0,                   0,                   0,           0.0044299,           0.0044299,            0.074687
                   1,             0.03323,             0.10849,           0.0016762,                   0,                   0,                   0,                   0,                   0,                   0,                   0,           0.0080504,           0.0080504,            0.043179
                   2,            0.030289,             0.10123,           0.0017825,                   0,                   0,                   0,                   0,                   0,                   0,                   0,            0.010779,            0.010779,            0.010779
                   3,            0.030206,             0.10256,           0.0022975,                   0,                   0,                   0,                   0,                   0,                   0,                   0,            0.010779,            0.010779,            0.010779
                   4,            0.026695,            0.090153,           0.0022081,                   0,                   0,                   0,                   0,                   0,                   0,                   0,           0.0094483,           0.0094483,           0.0094483
                   5,            0.025528,            0.093524,           0.0019847,                   0,                   0,                   0,                   0,                   0,                   0,                   0,           0.0081178,           0.0081178,           0.0081178
                   6,            0.023971,            0.083172,           0.0020098,                   0,                   0,                   0,                   0,                   0,                   0,                   0,           0.0067872,           0.0067872,           0.0067872
                   7,            0.022582,            0.085859,           0.0017827,                   0,                   0,                   0,                   0,                   0,                   0,                   0,           0.0054566,           0.0054566,           0.0054566
                   8,            0.021501,            0.083253,           0.0016529,                   0,                   0,                   0,                   0,                   0,                   0,                   0,           0.0041261,           0.0041261,           0.0041261
                   9,            0.020751,            0.081241,           0.0016446,             0.76965,             0.73041,             0.78484,             0.57461,            0.023257,             0.11674,           0.0055813,           0.0027955,           0.0027955,           0.0027955
                   0,            0.075914,             0.12846,           0.0026316,                   0,                   0,                   0,                   0,                   0,                   0,                   0,           0.0039981,           0.0039981,            0.057988
                   1,            0.042218,            0.099286,           0.0018321,                   0,                   0,                   0,                   0,                   0,                   0,                   0,           0.0072661,           0.0072661,            0.029497
                   2,            0.036719,            0.088679,           0.0017906,                   0,                   0,                   0,                   0,                   0,                   0,                   0,           0.0087513,           0.0087513,           0.0087513
                   3,            0.035171,            0.084086,           0.0019955,                   0,                   0,                   0,                   0,                   0,                   0,                   0,           0.0087513,           0.0087513,           0.0087513
                   4,            0.031707,            0.078128,           0.0019764,                   0,                   0,                   0,                   0,                   0,                   0,                   0,           0.0076719,           0.0076719,           0.0076719
                   5,            0.029459,            0.080169,            0.001861,                   0,                   0,                   0,                   0,                   0,                   0,                   0,           0.0065926,           0.0065926,           0.0065926
                   6,            0.028047,            0.071562,           0.0018772,                   0,                   0,                   0,                   0,                   0,                   0,                   0,           0.0055132,           0.0055132,           0.0055132
                   7,            0.026565,            0.074918,           0.0017656,                   0,                   0,                   0,                   0,                   0,                   0,                   0,           0.0044338,           0.0044338,           0.0044338
                   8,            0.026042,            0.072977,           0.0017017,                   0,                   0,                   0,                   0,                   0,                   0,                   0,           0.0033545,           0.0033545,           0.0033545
                   9,            0.025602,            0.071331,           0.0016881,             0.79925,             0.74036,             0.80945,              0.5919,            0.026873,             0.10138,           0.0044193,           0.0022751,           0.0022751,           0.0022751
